"Code","Pays","Date","Montant","Monnaie","Taux 31/12/2021","Taux 31/12/2022","Taux moyen","Zone","Montant EUR","Source"
"AD","ANDORRE","01/11/2006",118,"EUR",1.0000,1.0000,1.0000,"M",118.00,"BNF"
"AE","EMIRATS ARABES UNIS","10/12/2008",300,"EUR",1.0000,1.0000,1.0000,"L",300.00,"BNF"
"AF","AFGHANISTAN","01/11/2006",279,"USD",1.1326,1.0666,1.0996,"L",253.73,"BNF"
"AG","ANTIGUA","07/08/2020",308,"USD",1.1326,1.0666,1.0996,"L",280.10,"BNF"
"AI","ANGUILLA","30/10/2013",208,"USD",1.1326,1.0666,1.0996,"L",189.16,"BNF"
"AL","ALBANIE","20/07/2018",130,"EUR",1.0000,1.0000,1.0000,"M",130.00,"BNF"
"AM","ARMENIE","26/04/2007",186,"EUR",1.0000,1.0000,1.0000,"L",186.00,"BNF"
"AO","ANGOLA","21/10/2009",300,"EUR",1.0000,1.0000,1.0000,"L",300.00,"BNF"
"AR","ARGENTINE","01/11/2006",157,"USD",1.1326,1.0666,1.0996,"L",142.78,"BNF"
"AT","AUTRICHE","01/01/2022",161,"EUR",1.0000,1.0000,1.0000,"E+M",161.00,"BNF"
"AU","AUSTRALIE","26/04/2007",348,"AUD",1.5615,1.5693,1.5654,"L",222.31,"BNF"
"AW","ARUBA","01/11/2006",150,"USD",1.1326,1.0666,1.0996,"L",136.41,"BNF"
"AZ","AZERBAIDJAN","01/11/2006",204,"EUR",1.0000,1.0000,1.0000,"L",204.00,"BNF"
"BA","BOSNIE-HERZEGOVINE","01/11/2006",169,"EUR",1.0000,1.0000,1.0000,"M",169.00,"BNF"
"BB","BARBADE","07/08/2020",355,"USD",1.1326,1.0666,1.0996,"L",322.84,"BNF"
"BD","BANGLADESH","20/07/2018",258,"EUR",1.0000,1.0000,1.0000,"L",258.00,"BNF"
"BE","BELGIQUE","01/01/2022",161,"EUR",1.0000,1.0000,1.0000,"E+M",161.00,"BNF"
"BF","BURKINA FASO","10/12/2008",145,"EUR",1.0000,1.0000,1.0000,"L",145.00,"BNF"
"BG","BULGARIE","01/11/2006",145,"EUR",1.0000,1.0000,1.0000,"M",145.00,"BNF"
"BH","BAHREIN","10/12/2008",200,"EUR",1.0000,1.0000,1.0000,"L",200.00,"BNF"
"BI","BURUNDI","21/10/2009",140,"EUR",1.0000,1.0000,1.0000,"L",140.00,"BNF"
"BJ","BENIN","10/12/2008",145,"EUR",1.0000,1.0000,1.0000,"L",145.00,"BNF"
"BL","SAINT-BARTHELEMY","01/01/2022",161,"EUR",1.0000,1.0000,1.0000,"E+M",161.00,"BNF"
"BM","BERMUDES","01/11/2006",194,"BMD",1.1371,1.0727,1.1049,"L",175.58,"github"
"BN","BRUNEI DARUSSALAM","01/11/2006",255,"BND",1.5353,1.4377,1.4865,"L",171.54,"github"
"BO","BOLIVIE","30/10/2013",135,"USD",1.1326,1.0666,1.0996,"L",122.77,"BNF"
"BR","BRESIL","30/10/2013",216,"EUR",1.0000,1.0000,1.0000,"L",216.00,"BNF"
"BS","BAHAMAS","01/11/2006",207,"USD",1.1326,1.0666,1.0996,"L",188.25,"BNF"
"BW","BOTSWANA","22/05/2010",119,"EUR",1.0000,1.0000,1.0000,"L",119.00,"BNF"
"BX","BRUXELLES","01/11/2006",46,"EUR",1.0000,1.0000,1.0000,"L",46.00,"BNF"
"BY","BIELORUSSIE","21/10/2009",150,"EUR",1.0000,1.0000,1.0000,"L",150.00,"BNF"
"BZ","BELIZE","01/11/2006",177,"USD",1.1326,1.0666,1.0996,"L",160.97,"BNF"
"CA","CANADA","01/11/2006",260,"CAD",1.4393,1.4440,1.4417,"L",180.34,"BNF"
"CC","CURACAO","01/11/2006",150,"USD",1.1326,1.0666,1.0996,"L",136.41,"BNF"
"CD","REP. DU CONGO","21/10/2009",195,"EUR",1.0000,1.0000,1.0000,"L",195.00,"BNF"
"CF","REP. CENTRAFICAINE","30/10/2013",80000,"XAF",655.9570,655.9570,655.9570,"L",121.96,"BNF"
"CG","CONGO","29/04/2022",120000,"XAF",655.9570,655.9570,655.9570,"L",182.94,"BNF"
"CG","CONGO","01/11/2006",69880,"XAF",655.9570,655.9570,655.9570,"L",106.53,"BNF"
"CH","SUISSE","01/11/2006",230,"CHF",1.0331,0.9847,1.0089,"M",227.97,"BNF"
"CI","COTE D'IVOIRE","26/04/2007",137000,"XOF",655.9570,655.9570,655.9570,"L",208.86,"BNF"
"CK","COOK","20/07/2018",400,"NZD",1.6579,1.6798,1.6688,"L",239.69,"BNF"
"CL","CHILI","30/10/2013",217,"USD",1.1326,1.0666,1.0996,"L",197.34,"BNF"
"CM","CAMEROUN","10/12/2008",120,"EUR",1.0000,1.0000,1.0000,"L",120.00,"BNF"
"CN","CHINE","22/05/2010",1700,"CNY",7.1947,7.3582,7.2765,"L",233.63,"BNF"
"CO","COLOMBIE","01/11/2006",176,"USD",1.1326,1.0666,1.0996,"L",160.06,"BNF"
"CR","COSTA RICA","01/11/2006",169,"USD",1.1326,1.0666,1.0996,"L",153.69,"BNF"
"CS","SERBIE-MONTENEGRO","26/04/2007",150,"EUR",1.0000,1.0000,1.0000,"L",150.00,"BNF"
"CU","CUBA","20/07/2018",200,"EUR",1.0000,1.0000,1.0000,"L",200.00,"BNF"
"CV","CAP-VERT","01/11/2006",13575,"CVE",110.5878,110.8113,110.6996,"L",122.63,"github"
"CW","CURACAO","01/01/2013",150,"USD",1.1326,1.0666,1.0996,"L",136.41,"BNF"
"CY","CHYPRE","01/01/2022",161,"EUR",1.0000,1.0000,1.0000,"E+M",161.00,"BNF"
"CZ","REP. TCHEQUE","26/04/2007",180,"EUR",1.0000,1.0000,1.0000,"M",180.00,"BNF"
"DE","ALLEMAGNE","01/01/2022",161,"EUR",1.0000,1.0000,1.0000,"E+M",161.00,"BNF"
"DJ","DJIBOUTI","01/11/2006",36320,"DJF",202.0939,190.6359,196.3649,"L",184.96,"github"
"DK","DANEMARK","01/11/2006",1660,"DKK",7.4364,7.4365,7.4364,"M",223.23,"BNF"
"DM","DOMINIQUE","07/08/2020",266,"USD",1.1326,1.0666,1.0996,"L",241.91,"BNF"
"DO","REP. DOMINICAINE","01/11/2006",142,"USD",1.1326,1.0666,1.0996,"L",129.14,"BNF"
"DZ","ALGERIE","20/07/2018",20480,"DZD",157.8422,147.1486,152.4954,"M",134.30,"github"
"EC","EQUATEUR","01/11/2006",150,"USD",1.1326,1.0666,1.0996,"L",136.41,"BNF"
"EE","ESTONIE","01/01/2022",161,"EUR",1.0000,1.0000,1.0000,"E+L",161.00,"BNF"
"EG","EGYPTE","26/04/2007",148,"EUR",1.0000,1.0000,1.0000,"L",148.00,"BNF"
"ER","ERYTHREE","20/07/2018",195,"USD",1.1326,1.0666,1.0996,"L",177.34,"BNF"
"ES","ESPAGNE","01/01/2022",161,"EUR",1.0000,1.0000,1.0000,"E+M",161.00,"BNF"
"ET","ETHIOPIE","26/04/2007",123,"EUR",1.0000,1.0000,1.0000,"L",123.00,"BNF"
"EU","EUROPE (FORFAIT)","01/01/2022",161,"EUR",1.0000,1.0000,1.0000,"L",161.00,"BNF"
"FI","FINLANDE","01/01/2022",161,"EUR",1.0000,1.0000,1.0000,"E+M",161.00,"BNF"
"FJ","FIDJI","07/08/2020",421,"FJD",2.4159,2.3840,2.4000,"L",175.42,"github"
"FM","MICRONESIE","01/11/2006",157,"USD",1.1326,1.0666,1.0996,"L",142.78,"BNF"
"FR","FRANCE","01/01/2022",161,"EUR",1.0000,1.0000,1.0000,"E+M",161.00,"BNF"
"GA","GABON","20/07/2018",140000,"XAF",655.9570,655.9570,655.9570,"L",213.43,"BNF"
"GB","GRANDE-BRETAGNE","20/07/2018",180,"GBP",0.8403,0.8869,0.8636,"M",208.43,"BNF"
"GD","GRENADE","07/08/2020",283,"USD",1.1326,1.0666,1.0996,"L",257.37,"BNF"
"GE","GEORGIE","01/11/2006",195,"USD",1.1326,1.0666,1.0996,"L",177.34,"BNF"
"GF","GUYANE","01/01/2022",161,"EUR",1.0000,1.0000,1.0000,"E+M",161.00,"BNF"
"GH","GHANA","20/07/2018",250,"USD",1.1326,1.0666,1.0996,"L",227.36,"BNF"
"GI","GIBRALTAR","01/01/2016",132,"EUR",1.0000,1.0000,1.0000,"L",132.00,"BNF"
"GM","GAMBIE","07/08/2020",8590,"GMD",59.9849,66.4525,63.2187,"L",135.88,"github"
"GN","GUINEE","30/10/2013",170,"EUR",1.0000,1.0000,1.0000,"L",170.00,"BNF"
"GP","GUADELOUPE","01/01/2022",161,"EUR",1.0000,1.0000,1.0000,"E+M",161.00,"BNF"
"GQ","GUINEE EQUATORIALE","01/11/2006",90500,"XAF",655.9570,655.9570,655.9570,"L",137.97,"BNF"
"GR","GRECE","01/01/2022",161,"EUR",1.0000,1.0000,1.0000,"E+M",161.00,"BNF"
"GT","GUATEMALA","21/10/2009",160,"EUR",1.0000,1.0000,1.0000,"L",160.00,"BNF"
"GW","GUINEE BISSAU","01/11/2006",105,"EUR",1.0000,1.0000,1.0000,"L",105.00,"BNF"
"GY","GUYANA","01/11/2006",200,"USD",1.1326,1.0666,1.0996,"L",181.88,"BNF"
"HK","HONG-KONG","22/05/2010",2200,"HKD",8.8333,8.3163,8.5748,"L",256.57,"BNF"
"HN","HONDURAS","01/11/2006",152,"USD",1.1326,1.0666,1.0996,"L",138.23,"BNF"
"HR","CROATIE","10/12/2008",142,"EUR",1.0000,1.0000,1.0000,"M",142.00,"BNF"
"HT","HAITI","26/04/2007",220,"USD",1.1326,1.0666,1.0996,"L",200.07,"BNF"
"HU","HONGRIE","10/12/2008",175,"EUR",1.0000,1.0000,1.0000,"M",175.00,"BNF"
"ID","INDONESIE","21/10/2009",160,"EUR",1.0000,1.0000,1.0000,"L",160.00,"BNF"
"IE","IRLANDE","01/01/2022",161,"EUR",1.0000,1.0000,1.0000,"E+M",161.00,"BNF"
"IL","ISRAEL","30/10/2013",230,"EUR",1.0000,1.0000,1.0000,"L",230.00,"BNF"
"IN","INDE","20/07/2018",210,"EUR",1.0000,1.0000,1.0000,"L",210.00,"BNF"
"IQ","IRAK","26/04/2007",300,"EUR",1.0000,1.0000,1.0000,"L",300.00,"BNF"
"IR","IRAN","26/04/2007",186,"USD",1.1326,1.0666,1.0996,"L",169.15,"BNF"
"IS","ISLANDE","20/07/2018",34397,"ISK",147.6000,151.5000,149.5500,"L",230.00,"BNF"
"IT","ITALIE","01/01/2022",161,"EUR",1.0000,1.0000,1.0000,"E+M",161.00,"BNF"
"JM","JAMAIQUE","07/08/2020",217,"USD",1.1326,1.0666,1.0996,"L",197.34,"BNF"
"JO","JORDANIE","31/10/2007",151,"JOD",0.8065,0.7609,0.7837,"L",192.68,"github"
"JP","JAPON","30/10/2013",25500,"JPY",130.3800,140.6600,135.5200,"L",188.16,"BNF"
"KE","KENYA","01/11/2006",141,"USD",1.1326,1.0666,1.0996,"L",128.23,"BNF"
"KG","KIRGHIZIE","21/10/2009",150,"EUR",1.0000,1.0000,1.0000,"L",150.00,"BNF"
"KH","CAMBODGE","01/11/2006",150,"USD",1.1326,1.0666,1.0996,"L",136.41,"BNF"
"KI","KIRIBATI","07/08/2020",207,"AUD",1.5615,1.5693,1.5654,"L",132.23,"BNF"
"KM","COMORES","10/12/2008",150,"EUR",1.0000,1.0000,1.0000,"L",150.00,"BNF"
"KN","SAINT-KITTS-ET-NEVIS","07/08/2020",287,"USD",1.1326,1.0666,1.0996,"L",261.00,"BNF"
"KP","COREE DU NORD","01/11/2006",272,"USD",1.1326,1.0666,1.0996,"L",247.36,"BNF"
"KR","COREE DU SUD","10/12/2008",210,"EUR",1.0000,1.0000,1.0000,"L",210.00,"BNF"
"KW","KOWEIT","10/12/2008",245,"EUR",1.0000,1.0000,1.0000,"L",245.00,"BNF"
"KY","CAIMANS","01/11/2006",141,"USD",1.1326,1.0666,1.0996,"L",128.23,"BNF"
"KZ","KAZAKHSTAN","29/04/2022",140,"EUR",1.0000,1.0000,1.0000,"L",140.00,"BNF"
"KZ","KAZAKHSTAN","21/10/2009",290,"EUR",1.0000,1.0000,1.0000,"L",290.00,"BNF"
"LA","LAOS","30/10/2013",150,"USD",1.1326,1.0666,1.0996,"L",136.41,"BNF"
"LB","LIBAN","01/11/2006",154,"EUR",1.0000,1.0000,1.0000,"L",154.00,"BNF"
"LC","SAINTE-LUCIE ET...","07/08/2020",261,"USD",1.1326,1.0666,1.0996,"L",237.36,"BNF"
"LG","LUXEMBOURG","01/11/2006",50,"EUR",1.0000,1.0000,1.0000,"L",50.00,"BNF"
"LI","LIECHTENSTEIN","01/11/2006",230,"CHF",1.0331,0.9847,1.0089,"L",227.97,"BNF"
"LK","SRI LANKA","20/07/2018",180,"EUR",1.0000,1.0000,1.0000,"L",180.00,"BNF"
"LR","LIBERIA","30/10/2013",230,"USD",1.1326,1.0666,1.0996,"L",209.17,"BNF"
"LS","LESOTHO","22/05/2010",120,"EUR",1.0000,1.0000,1.0000,"L",120.00,"BNF"
"LT","LITUANIE","01/01/2022",161,"EUR",1.0000,1.0000,1.0000,"E+L",161.00,"BNF"
"LU","LUXEMBOURG","01/01/2022",161,"EUR",1.0000,1.0000,1.0000,"E+M",161.00,"BNF"
"LV","LETTONIE","01/01/2022",161,"EUR",1.0000,1.0000,1.0000,"E+L",161.00,"BNF"
"LY","LIBYE","29/04/2022",240,"EUR",1.0000,1.0000,1.0000,"L",240.00,"BNF"
"LY","LIBYE","30/10/2013",280,"LYD",5.2351,5.1757,5.2054,"L",53.79,"github"
"MA","MAROC","21/10/2009",175,"EUR",1.0000,1.0000,1.0000,"M",175.00,"BNF"
"MD","MOLDAVIE","01/11/2006",188,"USD",1.1326,1.0666,1.0996,"L",170.97,"BNF"
"ME","MONTENEGRO","10/12/2008",150,"EUR",1.0000,1.0000,1.0000,"L",150.00,"BNF"
"MF","SAINT-MARTIN","01/01/2022",161,"EUR",1.0000,1.0000,1.0000,"E+M",161.00,"BNF"
"MG","MADAGASCAR","01/11/2006",114,"EUR",1.0000,1.0000,1.0000,"L",114.00,"BNF"
"MH","ILES MARSHALL","01/11/2006",154,"USD",1.1326,1.0666,1.0996,"L",140.05,"BNF"
"MK","MACEDOINE","26/04/2007",117,"EUR",1.0000,1.0000,1.0000,"M",117.00,"BNF"
"ML","MALI","07/08/2020",161600,"XOF",655.9570,655.9570,655.9570,"L",246.36,"BNF"
"MM","BIRMANIE","30/10/2013",250,"USD",1.1326,1.0666,1.0996,"L",227.36,"BNF"
"MN","MONGOLIE","01/11/2006",102,"EUR",1.0000,1.0000,1.0000,"L",102.00,"BNF"
"MO","MACAO","22/05/2010",2200,"HKD",8.8333,8.3163,8.5748,"L",256.57,"BNF"
"MQ","MARTINIQUE","01/01/2022",161,"EUR",1.0000,1.0000,1.0000,"E+M",161.00,"BNF"
"MR","MAURITANIE","10/12/2008",143,"EUR",1.0000,1.0000,1.0000,"L",143.00,"BNF"
"MT","MALTE","01/01/2022",161,"EUR",1.0000,1.0000,1.0000,"E+M",161.00,"BNF"
"MU","MAURICE","07/08/2020",7000,"MUR",49.5763,47.1444,48.3603,"L",144.75,"github"
"MV","MALDIVES","20/07/2018",320,"EUR",1.0000,1.0000,1.0000,"L",320.00,"BNF"
"MW","MALAWI","01/11/2006",214,"USD",1.1326,1.0666,1.0996,"L",194.62,"BNF"
"MX","MEXIQUE","21/10/2009",150,"EUR",1.0000,1.0000,1.0000,"L",150.00,"BNF"
"MY","MALAISIE","31/10/2007",468,"MYR",4.7184,4.6984,4.7084,"L",99.40,"BNF"
"MZ","MOZAMBIQUE","01/11/2006",189,"USD",1.1326,1.0666,1.0996,"L",171.88,"BNF"
"NA","NAMIBIE","21/10/2009",90,"EUR",1.0000,1.0000,1.0000,"L",90.00,"BNF"
"NC","NOUVELLE-CALEDONIE","01/01/2021",132,"EUR",1.0000,1.0000,1.0000,"L",132.00,"BNF"
"NE","NIGER","01/11/2006",78000,"XOF",655.9570,655.9570,655.9570,"L",118.91,"BNF"
"NG","NIGERIA","22/05/2010",273,"EUR",1.0000,1.0000,1.0000,"L",273.00,"BNF"
"NI","NICARAGUA","01/11/2006",154,"USD",1.1326,1.0666,1.0996,"L",140.05,"BNF"
"NL","PAYS-BAS","01/01/2022",161,"EUR",1.0000,1.0000,1.0000,"E+M",161.00,"BNF"
"NO","NORVEGE","01/11/2006",1465,"NOK",9.9888,10.5138,10.2513,"M",142.91,"BNF"
"NP","NEPAL","01/11/2006",140,"USD",1.1326,1.0666,1.0996,"L",127.32,"BNF"
"NR","NAURU","07/08/2020",600,"AUD",1.5615,1.5693,1.5654,"L",383.29,"BNF"
"NU","NIUE","01/11/2006",204,"NZD",1.6579,1.6798,1.6688,"L",122.24,"BNF"
"NY","NEW-YORK CITY","01/09/2022",450,"USD",1.1326,1.0666,1.0996,"L",409.24,"BNF"
"NY","NEW-YORK CITY","01/01/2022",320,"USD",1.1326,1.0666,1.0996,"L",291.01,"BNF"
"NZ","NOUVELLE-ZELANDE","01/11/2006",370,"NZD",1.6579,1.6798,1.6688,"L",221.72,"BNF"
"OM","OMAN","10/12/2008",265,"EUR",1.0000,1.0000,1.0000,"L",265.00,"BNF"
"PA","PANAMA","01/11/2006",178,"USD",1.1326,1.0666,1.0996,"L",161.88,"BNF"
"PE","PEROU","01/11/2006",170,"USD",1.1326,1.0666,1.0996,"L",154.60,"BNF"
"PF","POLYNESIE FRANCAISE","01/01/2021",132,"EUR",1.0000,1.0000,1.0000,"L",132.00,"BNF"
"PG","NOUVELLE-GUINEE PAPOUASIE","10/12/2008",172,"EUR",1.0000,1.0000,1.0000,"L",172.00,"BNF"
"PH","PHILIPPINES","01/11/2006",8770,"PHP",57.7630,59.3200,58.5415,"L",149.81,"BNF"
"PK","PAKISTAN","01/11/2006",173,"USD",1.1326,1.0666,1.0996,"L",157.33,"BNF"
"PL","POLOGNE","21/10/2009",175,"EUR",1.0000,1.0000,1.0000,"M",175.00,"BNF"
"PM","SAINT-PIERRE-ET-MIQUELON","01/01/2022",161,"EUR",1.0000,1.0000,1.0000,"E+M",161.00,"BNF"
"PT","PORTUGAL","01/01/2022",161,"EUR",1.0000,1.0000,1.0000,"E+M",161.00,"BNF"
"PW","ILES PALAOS","01/11/2006",311,"USD",1.1326,1.0666,1.0996,"L",282.83,"BNF"
"PY","PARAGUAY","26/04/2007",180,"USD",1.1326,1.0666,1.0996,"L",163.70,"BNF"
"QA","QATAR","26/04/2007",278,"EUR",1.0000,1.0000,1.0000,"L",278.00,"BNF"
"RE","REUNION","01/01/2022",161,"EUR",1.0000,1.0000,1.0000,"E+M",161.00,"BNF"
"RO","ROUMANIE","21/10/2009",160,"EUR",1.0000,1.0000,1.0000,"M",160.00,"BNF"
"RS","SERBIE","10/12/2008",150,"EUR",1.0000,1.0000,1.0000,"L",150.00,"BNF"
"RU","RUSSIE","26/04/2007",230,"EUR",1.0000,1.0000,1.0000,"L",230.00,"BNF"
"RW","RWANDA","29/04/2022",170,"USD",1.1326,1.0666,1.0996,"L",154.60,"BNF"
"RW","RWANDA","30/10/2013",277,"USD",1.1326,1.0666,1.0996,"L",251.91,"BNF"
"SA","ARABIE SAOUDITE","10/12/2008",158,"EUR",1.0000,1.0000,1.0000,"L",158.00,"BNF"
"SB","ILES SALOMON","01/11/2006",23052,"VUV",128.7847,127.0849,127.9348,"L",180.19,"github"
"SC","SEYCHELLES","21/10/2009",300,"EUR",1.0000,1.0000,1.0000,"L",300.00,"BNF"
"SD","SOUDAN","01/11/2006",175,"USD",1.1326,1.0666,1.0996,"L",159.15,"BNF"
"SE","SUEDE","01/11/2006",1997,"SEK",10.2503,11.1218,10.6860,"M",186.88,"BNF"
"SG","SINGAPOUR","10/12/2008",200,"EUR",1.0000,1.0000,1.0000,"L",200.00,"BNF"
"SH","SHANGHAI","01/11/2010",1700,"CNY",7.1947,7.3582,7.2765,"L",233.63,"BNF"
"SI","SLOVENIE","01/01/2022",161,"EUR",1.0000,1.0000,1.0000,"E+M",161.00,"BNF"
"SK","SLOVAQUIE","01/01/2022",161,"EUR",1.0000,1.0000,1.0000,"E+M",161.00,"BNF"
"SL","SIERRA LEONE","01/11/2006",260,"USD",1.1326,1.0666,1.0996,"L",236.45,"BNF"
"SN","SENEGAL","01/11/2006",91800,"XOF",655.9570,655.9570,655.9570,"L",139.95,"BNF"
"SO","SOMALIE","01/11/2006",158,"USD",1.1326,1.0666,1.0996,"L",143.69,"BNF"
"SR","SURINAM","01/11/2006",180,"USD",1.1326,1.0666,1.0996,"L",163.70,"BNF"
"SS","SOUDAN DU SUD","30/10/2013",306,"USD",1.1326,1.0666,1.0996,"L",278.28,"BNF"
"ST","SAO TOME-ET-PRINCIPE","01/11/2006",135,"USD",1.1326,1.0666,1.0996,"L",122.77,"BNF"
"SV","SALVADOR","01/11/2006",177,"USD",1.1326,1.0666,1.0996,"L",160.97,"BNF"
"SX","SAINT-MARTIN","01/01/2022",161,"EUR",1.0000,1.0000,1.0000,"E+M",161.00,"BNF"
"SY","SYRIE","22/05/2010",154,"EUR",1.0000,1.0000,1.0000,"L",154.00,"BNF"
"SZ","SWAZILAND","20/07/2018",138,"EUR",1.0000,1.0000,1.0000,"L",138.00,"BNF"
"TD","TCHAD","10/12/2008",225,"EUR",1.0000,1.0000,1.0000,"L",225.00,"BNF"
"TG","TOGO","31/10/2007",82640,"XOF",655.9570,655.9570,655.9570,"L",125.98,"BNF"
"TH","THAILANDE","20/07/2018",5000,"THB",37.6530,36.8350,37.2440,"L",134.25,"BNF"
"TI","TIMOR EST","21/10/2009",150,"EUR",1.0000,1.0000,1.0000,"L",150.00,"BNF"
"TJ","TADJIKISTAN","20/07/2018",250,"USD",1.1326,1.0666,1.0996,"L",227.36,"BNF"
"TL","TIMOR EST","21/10/2009",150,"EUR",1.0000,1.0000,1.0000,"L",150.00,"BNF"
"TM","TURKMENISTAN","01/11/2006",102,"EUR",1.0000,1.0000,1.0000,"L",102.00,"BNF"
"TN","TUNISIE","21/10/2009",125,"EUR",1.0000,1.0000,1.0000,"M",125.00,"BNF"
"TO","TONGA","07/08/2020",402,"FJD",2.4159,2.3840,2.4000,"L",167.50,"github"
"TR","TURQUIE","07/08/2020",135,"EUR",1.0000,1.0000,1.0000,"L",135.00,"BNF"
"TT","TRINITE ET TOBAGO","01/11/2006",267,"USD",1.1326,1.0666,1.0996,"L",242.82,"BNF"
"TV","TUVALU","07/08/2020",254,"AUD",1.5615,1.5693,1.5654,"L",162.26,"BNF"
"TW","TAIWAN","01/11/2006",5990,"TWD",31.5184,32.8911,32.2048,"L",186.00,"github"
"TY","TOKYO","30/10/2013",30000,"JPY",130.3800,140.6600,135.5200,"L",221.37,"BNF"
"TZ","TANZANIE","21/10/2009",135,"EUR",1.0000,1.0000,1.0000,"L",135.00,"BNF"
"UA","UKRAINE","01/11/2006",208,"EUR",1.0000,1.0000,1.0000,"L",208.00,"BNF"
"UG","OUGANDA","21/10/2009",130,"EUR",1.0000,1.0000,1.0000,"L",130.00,"BNF"
"US","ETATS-UNIS","22/05/2010",320,"USD",1.1326,1.0666,1.0996,"L",291.01,"BNF"
"UY","URUGUAY","01/11/2006",135,"USD",1.1326,1.0666,1.0996,"L",122.77,"BNF"
"UZ","OUZBEKISTAN","20/07/2018",197,"USD",1.1326,1.0666,1.0996,"L",179.16,"BNF"
"VC","SAINT-VINCENT","07/08/2020",275,"USD",1.1326,1.0666,1.0996,"L",250.09,"BNF"
"VE","VENEZUELA","10/12/2008",195,"EUR",1.0000,1.0000,1.0000,"L",195.00,"BNF"
"VN","VIETNAM","10/12/2008",158,"EUR",1.0000,1.0000,1.0000,"L",158.00,"BNF"
"VU","VANUATU","21/10/2009",210,"EUR",1.0000,1.0000,1.0000,"L",210.00,"BNF"
"WF","WALLIS ET FUTUNA, ILES","01/01/2021",132,"EUR",1.0000,1.0000,1.0000,"L",132.00,"BNF"
"WS","SAMOA OCCIDENTALES","20/07/2018",230,"USD",1.1326,1.0666,1.0996,"L",209.17,"BNF"
"XK","KOSOVO","20/07/2018",150,"EUR",1.0000,1.0000,1.0000,"L",150.00,"BNF"
"YE","REP. DU YEMEN","01/11/2006",188,"EUR",1.0000,1.0000,1.0000,"L",188.00,"BNF"
"YT","MAYOTTE","01/01/2022",161,"EUR",1.0000,1.0000,1.0000,"E+M",161.00,"BNF"
"YU","YOUGOSLAVIE","01/01/2003",136,"USD",1.1326,1.0666,1.0996,"M",123.68,"BNF"
"ZA","AFRIQUE DU SUD","15/12/2022",185,"EUR",1.0000,1.0000,1.0000,"L",185.00,"BNF"
"ZA","AFRIQUE DU SUD","02/03/2022",138,"EUR",1.0000,1.0000,1.0000,"L",138.00,"BNF"
"ZA","AFRIQUE DU SUD","15/12/2021",185,"EUR",1.0000,1.0000,1.0000,"L",185.00,"BNF"
"ZM","ZAMBIE","21/10/2009",180,"EUR",1.0000,1.0000,1.0000,"L",180.00,"BNF"
"ZW","ZIMBABWE","30/10/2013",180,"USD",1.1326,1.0666,1.0996,"L",163.70,"BNF"